{"cameraMode":{"drawMode":0,"name":"Shaded","section":"Shading Mode"},"sceneLighting":true,"audioPlay":false,"sceneViewState":{"showFog":true,"showMaterialUpdate":false,"showSkybox":true,"showFlares":true,"showImageEffects":true,"showParticleSystems":true,"showVisualEffectGraphs":true,"m_FxEnabled":true},"in2DMode":false,"pivot":{"x":15.765859603881836,"y":12.498235702514649,"z":27.977882385253908},"rotation":{"x":0.03723878413438797,"y":0.11575985699892044,"z":-0.00434300908818841,"w":0.9925699830055237},"size":120.95343780517578,"orthographic":false}